uid,target_ind
0,361
1,351
2,349
3,244
4,351
5,8
6,324
7,59
8,168
9,397
10,420
11,297
12,270
13,361
14,158
15,498
16,164
17,54
18,134
19,220
20,392
21,201
22,397
23,134
24,86
25,349
26,276
27,132
28,456
29,357
30,351
31,233
32,427
33,351
34,305
35,270
36,358
37,387
38,249
39,358
40,311
41,290
42,145
43,208
44,471
45,487
46,403
47,208
48,238
49,349
50,113
51,55
52,487
53,249
54,41
55,46
56,230
57,499
58,351
59,315
60,269
61,36
62,439
63,127
64,410
65,264
66,117
67,121
68,351
69,130
70,489
71,349
72,11
73,69
74,412
75,350
76,265
77,316
78,166
79,135
80,14
81,484
82,139
83,78
84,201
85,358
86,349
87,91
88,16
89,108
90,32
91,39
92,186
93,446
94,27
95,307
96,351
97,365
98,91
99,439
100,112
101,346
102,221
103,353
104,391
105,391
106,389
107,198
108,432
109,134
110,351
111,132
112,216
113,349
114,13
115,491
116,18
117,487
118,265
119,480
120,188
121,244
122,358
123,91
124,362
125,69
126,310
127,102
128,361
129,379
130,297
131,383
132,1
133,288
134,91
135,397
136,216
137,158
138,339
139,133
140,104
141,351
142,290
143,401
144,439
145,68
146,349
147,123
148,331
149,349
150,166
151,398
152,495
153,139
154,155
155,349
156,199
157,65
158,338
159,276
160,91
161,170
162,471
163,435
164,83
165,349
166,346
167,138
168,134
169,352
170,439
171,298
172,361
173,251
174,148
175,134
176,365
177,352
178,403
179,50
180,52
181,172
182,180
183,439
184,349
185,216
186,214
187,397
188,247
189,203
190,406
191,461
192,132
193,102
194,361
195,267
196,381
197,446
198,433
199,95
200,361
201,376
202,439
203,85
204,138
205,273
206,373
207,223
208,349
209,54
210,349
211,361
212,167
213,183
214,122
215,395
216,262
217,349
218,358
219,104
220,398
221,439
222,409
223,266
224,198
225,385
226,275
227,386
228,48
229,145
230,353
231,472
232,389
233,366
234,58
235,439
236,499
237,393
238,103
239,337
240,391
241,368
242,90
243,172
244,339
245,299
246,163
247,91
248,172
249,226
250,484
251,226
252,78
253,97
254,358
255,412
256,445
257,249
258,181
259,80
260,338
261,79
262,18
263,356
264,50
265,265
266,349
267,279
268,125
269,462
270,351
271,55
272,155
273,151
274,166
275,272
276,199
277,109
278,308
279,18
280,424
281,161
282,191
283,312
284,231
285,49
286,171
287,70
288,349
289,349
290,218
291,351
292,366
293,470
294,171
295,217
296,453
297,355
298,174
299,390
300,353
301,247
302,166
303,349
304,123
305,394
306,1
307,480
308,179
309,158
310,298
311,367
312,172
313,351
314,235
315,351
316,353
317,370
318,68
319,95
320,135
321,363
322,132
323,214
324,301
325,358
326,473
327,54
328,327
329,349
330,216
331,391
332,74
333,72
334,114
335,43
336,18
337,94
338,291
339,378
340,197
341,132
342,201
343,216
344,351
345,349
346,430
347,421
348,243
349,349
350,67
351,259
352,17
353,351
354,42
355,186
356,361
357,133
358,352
359,346
360,346
361,167
362,287
363,158
364,403
365,412
366,76
367,229
368,346
369,425
370,439
371,270
372,323
373,238
374,238
375,72
376,130
377,144
378,200
379,395
380,491
381,266
382,262
383,60
384,433
385,446
386,428
387,18
388,79
389,91
390,241
391,446
392,333
393,205
394,132
395,484
396,344
397,123
398,149
399,349
400,312
401,362
402,294
403,403
404,329
405,166
406,225
407,487
408,226
409,471
410,346
411,217
412,287
413,310
414,361
415,365
416,223
417,242
418,133
419,178
420,91
421,257
422,72
423,468
424,197
425,497
426,349
427,54
428,114
429,349
430,415
431,357
432,199
433,6
434,120
435,65
436,409
437,91
438,298
439,267
440,172
441,397
442,134
443,384
444,361
445,477
446,398
447,246
448,231
449,355
450,170
451,254
452,361
453,241
454,351
455,222
456,161
457,361
458,133
459,91
460,167
461,7
462,349
463,406
464,476
465,438
466,446
467,492
468,203
469,387
470,87
471,402
472,146
473,43
474,439
475,472
476,141
477,63
478,264
479,168
480,294
481,349
482,439
483,287
484,157
485,329
486,161
487,337
488,41
489,269
490,137
491,41
492,176
493,18
494,157
495,8
496,349
497,65
498,52
499,150
500,338
501,171
502,72
503,172
504,447
505,240
506,349
507,93
508,148
509,321
510,303
511,397
512,349
513,451
514,318
515,145
516,304
517,339
518,358
519,212
520,21
521,354
522,298
523,345
524,297
525,334
526,439
527,487
528,91
529,334
530,152
531,242
532,236
533,248
534,156
535,113
536,349
537,349
538,20
539,142
540,132
541,138
542,275
543,450
544,44
545,397
546,144
547,403
548,203
549,161
550,407
551,92
552,346
553,1
554,346
555,351
556,342
557,211
558,136
559,321
560,54
561,340
562,395
563,409
564,172
565,298
566,320
567,62
568,59
569,216
570,242
571,269
572,132
573,396
574,132
575,298
576,378
577,397
578,91
579,348
580,200
581,270
582,45
583,361
584,138
585,351
586,448
587,337
588,241
589,264
590,467
591,351
592,298
593,91
594,267
595,349
596,428
597,312
598,397
599,470
600,36
601,439
602,145
603,446
604,271
605,354
606,192
607,379
608,91
609,316
610,358
611,245
612,337
613,156
614,298
615,34
616,91
617,86
618,58
619,363
620,182
621,269
622,478
623,374
624,91
625,366
626,222
627,397
628,349
629,259
630,91
631,349
632,42
633,130
634,297
635,349
636,412
637,397
638,132
639,201
640,21
641,288
642,480
643,466
644,452
645,438
646,349
647,196
648,374
649,27
650,487
651,33
652,76
653,78
654,487
655,91
656,172
657,298
658,140
659,361
660,367
661,275
662,351
663,391
664,77
665,352
666,270
667,122
668,397
669,351
670,1
671,326
672,327
673,389
674,21
675,125
676,368
677,200
678,91
679,447
680,312
681,352
682,223
683,400
684,84
685,36
686,8
687,395
688,361
689,340
690,439
691,95
692,351
693,349
694,79
695,152
696,342
697,431
698,330
699,415
700,1
701,145
702,170
703,420
704,489
705,490
706,83
707,428
708,20
709,439
710,379
711,459
712,351
713,441
714,54
715,453
716,439
717,349
718,367
719,216
720,162
721,224
722,217
723,349
724,373
725,165
726,104
727,433
728,406
729,435
730,439
731,247
732,166
733,351
734,157
735,8
736,460
737,54
738,351
739,349
740,17
741,172
742,166
743,20
744,106
745,397
746,349
747,271
748,468
749,307
750,132
751,175
752,351
753,166
754,298
755,95
756,294
757,91
758,349
759,349
760,113
761,269
762,182
763,351
764,91
765,398
766,71
767,123
768,132
769,18
770,275
771,403
772,156
773,157
774,358
775,180
776,337
777,478
778,54
779,226
780,397
781,192
782,244
783,354
784,199
785,91
786,52
787,167
788,448
789,403
790,355
791,446
792,428
793,480
794,45
795,472
796,333
797,298
798,250
799,175
800,234
801,91
802,383
803,250
804,77
805,439
806,199
807,361
808,466
809,315
810,403
811,339
812,350
813,349
814,363
815,146
816,357
817,91
818,439
819,181
820,429
821,147
822,402
823,302
824,356
825,455
826,285
827,222
828,487
829,426
830,203
831,298
832,134
833,356
834,123
835,107
836,37
837,349
838,350
839,231
840,491
841,358
842,439
843,182
844,80
845,162
846,39
847,338
848,169
849,166
850,88
851,161
852,260
853,199
854,439
855,310
856,1
857,492
858,60
859,254
860,160
861,298
862,403
863,353
864,391
865,192
866,362
867,67
868,420
869,58
870,457
871,91
872,222
873,75
874,298
875,361
876,171
877,91
878,192
879,118
880,350
881,407
882,41
883,496
884,182
885,170
886,401
887,403
888,439
889,342
890,103
891,32
892,297
893,181
894,172
895,39
896,128
897,204
898,50
899,363
900,297
901,298
902,349
903,397
904,202
905,141
906,132
907,321
908,426
909,487
910,83
911,349
912,18
913,480
914,353
915,349
916,91
917,161
918,406
919,88
920,312
921,238
922,492
923,248
924,161
925,268
926,397
927,465
928,216
929,487
930,148
931,70
932,41
933,60
934,167
935,350
936,320
937,69
938,128
939,265
940,363
941,333
942,132
943,304
944,410
945,8
946,252
947,349
948,221
949,166
950,344
951,367
952,323
953,286
954,199
955,175
956,384
957,349
958,366
959,86
960,91
961,496
962,467
963,481
964,376
965,404
966,397
967,349
968,148
969,496
970,138
971,270
972,453
973,403
974,167
975,18
976,91
977,412
978,54
979,91
980,406
981,72
982,485
983,35
984,351
985,398
986,104
987,472
988,237
989,91
990,159
991,261
992,439
993,132
994,179
995,351
996,496
997,61
998,439
999,6
1000,197
1001,446
1002,407
1003,349
1004,120
1005,135
1006,223
1007,269
1008,68
1009,98
1010,345
1011,176
1012,75
1013,323
1014,349
1015,349
1016,265
1017,54
1018,161
1019,349
1020,412
1021,406
1022,349
1023,431
1024,397
1025,339
1026,88
1027,299
1028,245
1029,426
1030,439
1031,278
1032,374
1033,91
1034,91
1035,304
1036,391
1037,161
1038,261
1039,132
1040,123
1041,142
1042,203
1043,95
1044,231
1045,346
1046,298
1047,361
1048,485
1049,381
1050,48
1051,137
1052,293
1053,342
1054,38
1055,336
1056,306
1057,215
1058,339
1059,490
1060,350
1061,199
1062,111
1063,269
1064,166
1065,265
1066,480
1067,299
1068,367
1069,38
1070,46
1071,199
1072,343
1073,349
1074,479
1075,476
1076,42
1077,119
1078,327
1079,267
1080,439
1081,164
1082,492
1083,291
1084,361
1085,258
1086,277
1087,133
1088,297
1089,361
1090,172
1091,278
1092,161
1093,431
1094,427
1095,133
1096,439
1097,238
1098,339
1099,475
1100,86
1101,397
1102,329
1103,91
1104,349
1105,412
1106,41
1107,379
1108,298
1109,187
1110,496
1111,175
1112,361
1113,8
1114,103
1115,104
1116,448
1117,291
1118,403
1119,290
1120,348
1121,446
1122,31
1123,199
1124,247
1125,349
1126,169
1127,329
1128,58
1129,91
1130,223
1131,58
1132,354
1133,356
1134,462
1135,12
1136,369
1137,126
1138,476
1139,8
1140,139
1141,303
1142,12
1143,273
1144,266
1145,123
1146,132
1147,163
1148,222
1149,398
1150,216
1151,398
1152,203
1153,91
1154,439
1155,298
1156,91
1157,342
1158,91
1159,8
1160,119
1161,294
1162,159
1163,231
1164,262
1165,357
1166,285
1167,220
1168,91
1169,386
1170,232
1171,329
1172,180
1173,439
1174,132
1175,339
1176,95
1177,481
1178,456
1179,58
1180,484
1181,133
1182,26
1183,266
1184,340
1185,123
1186,58
1187,294
1188,132
1189,137
1190,349
1191,199
1192,397
1193,34
1194,58
1195,91
1196,48
1197,172
1198,49
1199,203
1200,269
1201,406
1202,30
1203,265
1204,331
1205,133
1206,352
1207,133
1208,60
1209,76
1210,172
1211,349
1212,122
1213,298
1214,266
1215,233
1216,410
1217,300
1218,91
1219,329
1220,134
1221,398
1222,361
1223,3
1224,245
1225,55
1226,336
1227,497
1228,55
1229,113
1230,307
1231,365
1232,493
1233,469
1234,49
1235,497
1236,348
1237,121
1238,332
1239,484
1240,199
1241,216
1242,367
1243,133
1244,18
1245,444
1246,403
1247,318
1248,181
1249,369
1250,70
1251,337
1252,130
1253,275
1254,287
1255,407
1256,57
1257,289
1258,439
1259,249
1260,132
1261,439
1262,43
1263,91
1264,72
1265,339
1266,312
1267,314
1268,499
1269,481
1270,292
1271,402
1272,316
1273,474
1274,480
1275,357
1276,293
1277,239
1278,199
1279,174
1280,468
1281,18
1282,147
1283,106
1284,72
1285,57
1286,199
1287,15
1288,5
1289,361
1290,43
1291,146
1292,279
1293,18
1294,161
1295,88
1296,439
1297,349
1298,166
1299,421
1300,102
1301,495
1302,439
1303,371
1304,349
1305,21
1306,285
1307,50
1308,195
1309,352
1310,23
1311,21
1312,158
1313,446
1314,223
1315,298
1316,237
1317,496
1318,439
1319,72
1320,351
1321,349
1322,480
1323,329
1324,270
1325,419
1326,426
1327,439
1328,140
1329,91
1330,95
1331,351
1332,235
1333,134
1334,273
1335,319
1336,158
1337,198
1338,176
1339,349
1340,134
1341,22
1342,246
1343,403
1344,428
1345,407
1346,91
1347,340
1348,361
1349,4
1350,244
1351,91
1352,238
1353,478
1354,172
1355,496
1356,66
1357,435
1358,487
1359,3
1360,156
1361,367
1362,357
1363,349
1364,135
1365,452
1366,353
1367,83
1368,398
1369,191
1370,298
1371,172
1372,161
1373,188
1374,376
1375,52
1376,270
1377,348
1378,100
1379,91
1380,351
1381,351
1382,132
1383,482
1384,363
1385,397
1386,482
1387,388
1388,353
1389,146
1390,494
1391,349
1392,398
1393,262
1394,331
1395,327
1396,83
1397,330
1398,439
1399,490
1400,410
1401,327
1402,224
1403,91
1404,361
1405,470
1406,368
1407,17
1408,285
1409,207
1410,423
1411,356
1412,358
1413,128
1414,391
1415,459
1416,86
1417,397
1418,343
1419,156
1420,195
1421,43
1422,353
1423,245
1424,412
1425,149
1426,405
1427,139
1428,57
1429,95
1430,345
1431,397
1432,272
1433,330
1434,437
1435,329
1436,74
1437,285
1438,358
1439,285
1440,378
1441,472
1442,440
1443,458
1444,277
1445,90
1446,406
1447,42
1448,270
1449,262
1450,133
1451,307
1452,209
1453,108
1454,371
1455,270
1456,171
1457,134
1458,234
1459,242
1460,294
1461,55
1462,484
1463,74
1464,425
1465,257
1466,349
1467,273
1468,240
1469,275
1470,361
1471,250
1472,403
1473,349
1474,132
1475,312
1476,91
1477,169
1478,321
1479,361
1480,284
1481,349
1482,329
1483,398
1484,452
1485,28
1486,390
1487,436
1488,188
1489,336
1490,397
1491,361
1492,439
1493,446
1494,72
1495,320
1496,154
1497,270
1498,339
1499,32
1500,135
1501,133
1502,270
1503,352
1504,226
1505,225
1506,236
1507,238
1508,441
1509,6
1510,349
1511,22
1512,296
1513,59
1514,348
1515,167
1516,87
1517,361
1518,435
1519,43
1520,487
1521,421
1522,397
1523,31
1524,351
1525,41
1526,191
1527,424
1528,345
1529,225
1530,136
1531,398
1532,270
1533,305
1534,397
1535,287
1536,361
1537,344
1538,294
1539,115
1540,216
1541,485
1542,268
1543,354
1544,1
1545,349
1546,349
1547,183
1548,140
1549,18
1550,216
1551,12
1552,158
1553,415
1554,349
1555,111
1556,134
1557,159
1558,439
1559,245
1560,348
1561,349
1562,383
1563,189
1564,132
1565,89
1566,283
1567,406
1568,349
1569,388
1570,363
1571,8
1572,471
1573,84
1574,351
1575,212
1576,348
1577,201
1578,478
1579,462
1580,419
1581,187
1582,361
1583,43
1584,60
1585,91
1586,298
1587,166
1588,262
1589,64
1590,243
1591,485
1592,496
1593,289
1594,60
1595,492
1596,178
1597,356
1598,66
1599,54
1600,447
1601,198
1602,249
1603,95
1604,494
1605,337
1606,172
1607,298
1608,349
1609,136
1610,234
1611,349
1612,349
1613,420
1614,339
1615,141
1616,497
1617,141
1618,471
1619,402
1620,439
1621,220
1622,446
1623,68
1624,481
1625,239
1626,373
1627,321
1628,134
1629,172
1630,334
1631,242
1632,55
1633,455
1634,265
1635,91
1636,134
1637,431
1638,175
1639,134
1640,184
1641,470
1642,191
1643,452
1644,498
1645,262
1646,74
1647,397
1648,471
1649,350
1650,165
1651,339
1652,381
1653,351
1654,358
1655,350
1656,226
1657,349
1658,125
1659,361
1660,350
1661,208
1662,433
1663,197
1664,398
1665,241
1666,230
1667,424
1668,351
1669,222
1670,450
1671,102
1672,168
1673,166
1674,130
1675,64
1676,184
1677,86
1678,28
1679,101
1680,439
1681,361
1682,32
1683,451
1684,358
1685,446
1686,352
1687,207
1688,496
1689,311
1690,202
1691,59
1692,231
1693,397
1694,75
1695,348
1696,289
1697,489
1698,198
1699,407
1700,153
1701,266
1702,273
1703,406
1704,285
1705,246
1706,348
1707,267
1708,65
1709,107
1710,222
1711,274
1712,159
1713,69
1714,397
1715,251
1716,73
1717,245
1718,437
1719,161
1720,66
1721,367
1722,103
1723,19
1724,103
1725,237
1726,346
1727,279
1728,450
1729,239
1730,165
1731,152
1732,58
1733,104
1734,50
1735,348
1736,173
1737,180
1738,367
1739,59
1740,132
1741,216
1742,188
1743,10
1744,225
1745,54
1746,157
1747,66
1748,288
1749,248
1750,298
1751,323
1752,301
1753,150
1754,176
1755,198
1756,476
1757,439
1758,361
1759,435
1760,83
1761,349
1762,259
1763,222
1764,400
1765,394
1766,440
1767,351
1768,496
1769,245
1770,95
1771,91
1772,298
1773,312
1774,158
1775,487
1776,397
1777,133
1778,361
1779,59
1780,312
1781,361
1782,95
1783,296
1784,318
1785,351
1786,190
1787,91
1788,269
1789,101
1790,194
1791,403
1792,381
1793,56
1794,349
1795,361
1796,188
1797,465
1798,492
1799,349
1800,88
1801,349
1802,231
1803,19
1804,117
1805,321
1806,403
1807,440
1808,349
1809,191
1810,444
1811,214
1812,198
1813,166
1814,225
1815,298
1816,487
1817,91
1818,134
1819,397
1820,266
1821,352
1822,351
1823,79
1824,446
1825,158
1826,439
1827,357
1828,101
1829,397
1830,452
1831,124
1832,379
1833,496
1834,134
1835,199
1836,138
1837,209
1838,361
1839,17
1840,42
1841,134
1842,222
1843,349
1844,349
1845,283
1846,338
1847,394
1848,397
1849,176
1850,361
1851,206
1852,498
1853,361
1854,245
1855,361
1856,54
1857,448
1858,349
1859,397
1860,277
1861,155
1862,446
1863,42
1864,172
1865,244
1866,8
1867,270
1868,297
1869,358
1870,270
1871,374
1872,116
1873,349
1874,265
1875,222
1876,302
1877,244
1878,298
1879,262
1880,349
1881,229
1882,344
1883,236
1884,255
1885,260
1886,205
1887,482
1888,411
1889,389
1890,352
1891,406
1892,400
1893,149
1894,163
1895,292
1896,150
1897,93
1898,394
1899,49
1900,199
1901,133
1902,61
1903,348
1904,295
1905,292
1906,149
1907,361
1908,376
1909,358
1910,60
1911,134
1912,88
1913,352
1914,8
1915,351
1916,43
1917,132
1918,349
1919,147
1920,271
1921,91
1922,397
1923,271
1924,347
1925,22
1926,122
1927,161
1928,351
1929,199
1930,414
1931,270
1932,133
1933,172
1934,348
1935,130
1936,397
1937,158
1938,499
1939,358
1940,363
1941,222
1942,170
1943,244
1944,234
1945,375
1946,58
1947,403
1948,69
1949,370
1950,177
1951,356
1952,87
1953,171
1954,346
1955,91
1956,20
1957,339
1958,397
1959,36
1960,91
1961,394
1962,320
1963,339
1964,236
1965,339
1966,133
1967,497
1968,18
1969,400
1970,123
1971,195
1972,349
1973,209
1974,233
1975,281
1976,237
1977,351
1978,262
1979,81
1980,427
1981,190
1982,156
1983,349
1984,318
1985,448
1986,397
1987,49
1988,366
1989,361
1990,137
1991,91
1992,91
1993,76
1994,176
1995,417
1996,367
1997,398
1998,288
1999,414
2000,254
2001,81
2002,222
2003,239
2004,369
2005,343
2006,346
2007,426
2008,430
2009,249
2010,158
2011,106
2012,58
2013,5
2014,147
2015,134
2016,367
2017,169
2018,492
2019,439
2020,439
2021,295
2022,407
2023,43
2024,293
2025,245
2026,291
2027,244
2028,0
2029,352
2030,241
2031,151
2032,352
2033,158
2034,132
2035,114
2036,311
2037,380
2038,122
2039,323
2040,394
2041,361
2042,41
2043,328
2044,384
2045,439
2046,339
2047,132
2048,487
2049,61
2050,4
2051,321
2052,352
2053,361
2054,426
2055,311
2056,374
2057,1
2058,74
2059,236
2060,202
2061,492
2062,321
2063,170
2064,91
2065,498
2066,161
2067,86
2068,365
2069,349
2070,89
2071,307
2072,87
2073,133
2074,367
2075,361
2076,59
2077,349
2078,471
2079,351
2080,433
2081,74
2082,219
2083,147
2084,281
2085,212
2086,346
2087,108
2088,218
2089,256
2090,349
2091,380
2092,182
2093,222
2094,154
2095,266
2096,328
2097,194
2098,308
2099,487
2100,195
2101,134
2102,348
2103,231
2104,460
2105,471
2106,349
2107,96
2108,398
2109,361
2110,258
2111,123
2112,283
2113,169
2114,410
2115,142
2116,496
2117,394
2118,468
2119,185
2120,439
2121,151
2122,40
2123,453
2124,348
2125,72
2126,480
2127,396
2128,361
2129,366
2130,492
2131,484
2132,480
2133,388
2134,132
2135,338
2136,369
2137,437
2138,349
2139,439
2140,498
2141,257
2142,83
2143,323
2144,91
2145,298
2146,456
2147,66
2148,238
2149,68
2150,439
2151,485
2152,77
2153,134
2154,73
2155,498
2156,488
2157,349
2158,220
2159,195
2160,321
2161,270
2162,361
2163,294
2164,152
2165,12
2166,290
2167,385
2168,480
2169,397
2170,115
2171,382
2172,219
2173,397
2174,285
2175,422
2176,43
2177,93
2178,91
2179,392
2180,349
2181,397
2182,185
2183,349
2184,341
2185,120
2186,249
2187,476
2188,8
2189,397
2190,306
2191,439
2192,0
2193,288
2194,90
2195,267
2196,348
2197,361
2198,1
2199,139
2200,266
2201,419
2202,329
2203,270
2204,133
2205,358
2206,447
2207,339
2208,361
2209,123
2210,310
2211,171
2212,361
2213,439
2214,269
2215,353
2216,355
2217,36
2218,110
2219,171
2220,485
2221,261
2222,186
2223,204
2224,35
2225,352
2226,352
2227,174
2228,460
2229,62
2230,179
2231,391
2232,203
2233,349
2234,406
2235,487
2236,177
2237,267
2238,351
2239,321
2240,428
2241,368
2242,251
2243,431
2244,176
2245,158
2246,43
2247,163
2248,329
2249,58
2250,367
2251,64
2252,370
2253,258
2254,140
2255,167
2256,19
2257,271
2258,104
2259,91
2260,72
2261,323
2262,370
2263,298
2264,349
2265,389
2266,64
2267,361
2268,446
2269,310
2270,361
2271,0
2272,19
2273,166
2274,353
2275,435
2276,186
2277,343
2278,133
2279,376
2280,18
2281,91
2282,91
2283,161
2284,48
2285,439
2286,471
2287,72
2288,185
2289,54
2290,361
2291,303
2292,269
2293,430
2294,357
2295,349
2296,424
2297,351
2298,402
2299,148
2300,348
2301,58
2302,133
2303,1
2304,171
2305,138
2306,59
2307,142
2308,133
2309,250
2310,91
2311,297
2312,1
2313,233
2314,266
2315,320
2316,489
2317,272
2318,450
2319,338
2320,132
2321,236
2322,391
2323,46
2324,349
2325,118
2326,52
2327,419
2328,362
2329,177
2330,58
2331,348
2332,134
2333,74
2334,39
2335,351
2336,492
2337,470
2338,142
2339,134
2340,43
2341,349
2342,321
2343,415
2344,323
2345,291
2346,158
2347,452
2348,110
2349,439
2350,256
2351,41
2352,367
2353,337
2354,111
2355,361
2356,134
2357,58
2358,353
2359,133
2360,429
2361,199
2362,91
2363,76
2364,384
2365,349
2366,158
2367,118
2368,496
2369,132
2370,492
2371,116
2372,351
2373,267
2374,91
2375,183
2376,65
2377,403
2378,403
2379,439
2380,361
2381,112
2382,171
2383,491
2384,353
2385,349
2386,349
2387,30
2388,367
2389,396
2390,95
2391,58
2392,349
2393,313
2394,324
2395,349
2396,88
2397,272
2398,21
2399,240
2400,329
2401,307
2402,298
2403,224
2404,171
2405,217
2406,161
2407,95
2408,293
2409,17
2410,47
2411,44
2412,361
2413,111
2414,122
2415,341
2416,6
2417,246
2418,95
2419,46
2420,417
2421,36
2422,403
2423,376
2424,223
2425,290
2426,194
2427,183
2428,350
2429,414
2430,172
2431,307
2432,261
2433,258
2434,331
2435,353
2436,496
2437,356
2438,270
2439,274
2440,10
2441,480
2442,333
2443,492
2444,134
2445,460
2446,374
2447,287
2448,72
2449,460
2450,185
2451,91
2452,199
2453,349
2454,361
2455,91
2456,351
2457,148
2458,148
2459,397
2460,349
2461,164
2462,134
2463,298
2464,358
2465,484
2466,446
2467,91
2468,97
2469,134
2470,439
2471,349
2472,134
2473,267
2474,34
2475,382
2476,351
2477,246
2478,95
2479,287
2480,349
2481,468
2482,431
2483,424
2484,407
2485,192
2486,348
2487,286
2488,361
2489,285
2490,358
2491,268
2492,329
2493,217
2494,335
2495,279
2496,135
2497,251
2498,439
2499,460
2500,176
2501,348
2502,95
2503,58
2504,446
2505,171
2506,133
2507,72
2508,272
2509,214
2510,410
2511,280
2512,92
2513,277
2514,396
2515,487
2516,407
2517,166
2518,381
2519,164
2520,242
2521,64
2522,398
2523,360
2524,403
2525,5
2526,265
2527,397
2528,51
2529,163
2530,376
2531,268
2532,367
2533,362
2534,270
2535,358
2536,456
2537,54
2538,349
2539,287
2540,110
2541,446
2542,95
2543,23
2544,390
2545,467
2546,349
2547,215
2548,244
2549,396
2550,339
2551,15
2552,433
2553,91
2554,217
2555,40
2556,441
2557,81
2558,442
2559,295
2560,103
2561,261
2562,439
2563,414
2564,124
2565,175
2566,278
2567,266
2568,166
2569,225
2570,406
2571,125
2572,348
2573,439
2574,16
2575,133
2576,446
2577,41
2578,484
2579,349
2580,298
2581,321
2582,361
2583,39
2584,328
2585,201
2586,138
2587,133
2588,233
2589,266
2590,95
2591,248
2592,470
2593,454
2594,428
2595,435
2596,134
2597,149
2598,18
2599,480
2600,8
2601,487
2602,348
2603,246
2604,151
2605,391
2606,462
2607,397
2608,431
2609,484
2610,20
2611,367
2612,188
2613,385
2614,41
2615,409
2616,363
2617,57
2618,450
2619,439
2620,1
2621,217
2622,349
2623,297
2624,361
2625,295
2626,437
2627,349
2628,171
2629,290
2630,262
2631,380
2632,357
2633,358
2634,398
2635,57
2636,134
2637,406
2638,456
2639,439
2640,402
2641,133
2642,348
2643,298
2644,75
2645,270
2646,21
2647,199
2648,496
2649,397
2650,329
2651,267
2652,116
2653,130
2654,333
2655,266
2656,176
2657,453
2658,320
2659,448
2660,382
2661,398
2662,353
2663,269
2664,319
2665,248
2666,478
2667,358
2668,172
2669,133
2670,71
2671,349
2672,132
2673,439
2674,480
2675,160
2676,361
2677,492
2678,313
2679,435
2680,397
2681,134
2682,186
2683,161
2684,421
2685,158
2686,439
2687,466
2688,190
2689,462
2690,366
2691,306
2692,184
2693,199
2694,134
2695,410
2696,338
2697,351
2698,460
2699,348
2700,112
2701,412
2702,349
2703,432
2704,152
2705,1
2706,366
2707,153
2708,236
2709,18
2710,452
2711,409
2712,362
2713,91
2714,329
2715,383
2716,104
2717,229
2718,159
2719,20
2720,403
2721,164
2722,173
2723,185
2724,460
2725,299
2726,403
2727,24
2728,348
2729,272
2730,296
2731,439
2732,351
2733,250
2734,487
2735,211
2736,270
2737,389
2738,483
2739,325
2740,188
2741,482
2742,470
2743,249
2744,179
2745,459
2746,157
2747,23
2748,222
2749,47
2750,11
2751,91
2752,297
2753,89
2754,363
2755,361
2756,474
2757,16
2758,393
2759,439
2760,165
2761,20
2762,361
2763,483
2764,351
2765,102
2766,165
2767,94
2768,217
2769,39
2770,79
2771,133
2772,433
2773,160
2774,72
2775,134
2776,196
2777,117
2778,376
2779,287
2780,435
2781,85
2782,332
2783,165
2784,134
2785,58
2786,480
2787,111
2788,328
2789,234
2790,434
2791,9
2792,166
2793,427
2794,7
2795,349
2796,339
2797,123
2798,349
2799,377
2800,212
2801,151
2802,346
2803,479
2804,306
2805,447
2806,211
2807,80
2808,439
2809,91
2810,439
2811,406
2812,365
2813,91
2814,132
2815,133
2816,400
2817,292
2818,91
2819,5
2820,169
2821,283
2822,171
2823,259
2824,83
2825,349
2826,46
2827,158
2828,1
2829,87
2830,154
2831,398
2832,400
2833,363
2834,63
2835,132
2836,175
2837,397
2838,358
2839,496
2840,439
2841,346
2842,205
2843,55
2844,498
2845,276
2846,172
2847,127
2848,160
2849,207
2850,349
2851,298
2852,86
2853,439
2854,229
2855,146
2856,166
2857,178
2858,166
2859,409
2860,497
2861,121
2862,302
2863,194
2864,18
2865,462
2866,206
2867,54
2868,346
2869,324
2870,497
2871,411
2872,185
2873,354
2874,163
2875,118
2876,319
2877,377
2878,349
2879,391
2880,43
2881,354
2882,85
2883,133
2884,134
2885,199
2886,158
2887,119
2888,295
2889,166
2890,349
2891,39
2892,286
2893,397
2894,2
2895,298
2896,439
2897,397
2898,133
2899,18
2900,376
2901,471
2902,195
2903,123
2904,57
2905,238
2906,163
2907,36
2908,453
2909,349
2910,59
2911,172
2912,256
2913,428
2914,157
2915,293
2916,349
2917,89
2918,133
2919,269
2920,95
2921,59
2922,161
2923,439
2924,439
2925,270
2926,497
2927,405
2928,471
2929,112
2930,196
2931,199
2932,436
2933,132
2934,349
2935,298
2936,91
2937,58
2938,49
2939,403
2940,91
2941,492
2942,211
2943,171
2944,134
2945,1
2946,468
2947,432
2948,391
2949,361
2950,397
2951,293
2952,376
2953,351
2954,305
2955,444
2956,297
2957,349
2958,349
2959,91
2960,132
2961,439
2962,409
2963,136
2964,180
2965,362
2966,172
2967,55
2968,132
2969,298
2970,346
2971,329
2972,390
2973,410
2974,362
2975,361
2976,290
2977,176
2978,76
2979,65
2980,58
2981,456
2982,352
2983,351
2984,349
2985,439
2986,269
2987,161
2988,361
2989,215
2990,270
2991,321
2992,349
2993,145
2994,20
2995,349
2996,419
2997,495
2998,453
2999,166
3000,23
3001,240
3002,188
3003,405
3004,177
3005,138
3006,10
3007,29
3008,485
3009,312
3010,229
3011,269
3012,480
3013,454
3014,367
3015,236
3016,349
3017,11
3018,349
3019,349
3020,447
3021,267
3022,255
3023,439
3024,249
3025,349
3026,349
3027,164
3028,212
3029,498
3030,72
3031,134
3032,199
3033,41
3034,351
3035,158
3036,123
3037,351
3038,420
3039,133
3040,95
3041,348
3042,185
3043,462
3044,113
3045,382
3046,361
3047,162
3048,409
3049,13
3050,171
3051,20
3052,352
3053,452
3054,4
3055,329
3056,140
3057,351
3058,489
3059,236
3060,207
3061,498
3062,366
3063,439
3064,135
3065,353
3066,462
3067,95
3068,313
3069,327
3070,361
3071,52
3072,91
3073,172
3074,168
3075,373
3076,56
3077,248
3078,492
3079,146
3080,248
3081,346
3082,282
3083,223
3084,71
3085,417
3086,27
3087,435
3088,37
3089,453
3090,134
3091,498
3092,90
3093,314
3094,353
3095,72
3096,54
3097,439
3098,391
3099,306
3100,472
3101,73
3102,361
3103,414
3104,458
3105,394
3106,361
3107,480
3108,13
3109,410
3110,498
3111,166
3112,168
3113,239
3114,436
3115,30
3116,263
3117,168
3118,205
3119,163
3120,362
3121,349
3122,349
3123,350
3124,361
3125,9
3126,480
3127,343
3128,132
3129,1
3130,166
3131,439
3132,182
3133,433
3134,273
3135,244
3136,110
3137,39
3138,495
3139,265
3140,182
3141,349
3142,431
3143,439
3144,80
3145,403
3146,406
3147,236
3148,39
3149,466
3150,262
3151,298
3152,361
3153,439
3154,41
3155,497
3156,410
3157,214
3158,269
3159,64
3160,298
3161,462
3162,386
3163,58
3164,269
3165,171
3166,76
3167,247
3168,158
3169,365
3170,149
3171,329
3172,279
3173,103
3174,1
3175,257
3176,349
3177,237
3178,439
3179,382
3180,91
3181,134
3182,193
3183,397
3184,204
3185,91
3186,450
3187,194
3188,134
3189,216
3190,349
3191,385
3192,217
3193,361
3194,382
3195,16
3196,91
3197,269
3198,354
3199,351
3200,54
3201,262
3202,91
3203,202
3204,306
3205,350
3206,361
3207,451
3208,397
3209,201
3210,140
3211,86
3212,339
3213,296
3214,89
3215,246
3216,349
3217,492
3218,439
3219,487
3220,439
3221,480
3222,363
3223,24
3224,12
3225,346
3226,108
3227,192
3228,76
3229,64
3230,397
3231,285
3232,361
3233,246
3234,141
3235,492
3236,20
3237,134
3238,477
3239,249
3240,83
3241,361
3242,255
3243,72
3244,191
3245,349
3246,466
3247,324
3248,498
3249,342
3250,460
3251,440
3252,498
3253,373
3254,298
3255,85
3256,450
3257,490
3258,102
3259,297
3260,20
3261,327
3262,91
3263,247
3264,338
3265,398
3266,177
3267,455
3268,343
3269,91
3270,349
3271,403
3272,49
3273,439
3274,349
3275,55
3276,195
3277,172
3278,134
3279,91
3280,13
3281,439
3282,31
3283,476
3284,442
3285,293
3286,402
3287,295
3288,395
3289,361
3290,246
3291,15
3292,248
3293,68
3294,143
3295,341
3296,297
3297,135
3298,48
3299,134
3300,163
3301,247
3302,353
3303,417
3304,138
3305,20
3306,96
3307,337
3308,94
3309,260
3310,100
3311,147
3312,242
3313,352
3314,124
3315,459
3316,439
3317,311
3318,428
3319,305
3320,439
3321,158
3322,450
3323,354
3324,192
3325,484
3326,351
3327,172
3328,68
3329,453
3330,171
3331,165
3332,448
3333,238
3334,397
3335,357
3336,157
3337,361
3338,284
3339,403
3340,212
3341,270
3342,492
3343,361
3344,134
3345,132
3346,266
3347,397
3348,280
3349,58
3350,439
3351,93
3352,10
3353,428
3354,361
3355,199
3356,18
3357,367
3358,199
3359,410
3360,133
3361,103
3362,498
3363,349
3364,379
3365,19
3366,439
3367,346
3368,367
3369,265
3370,471
3371,27
3372,395
3373,187
3374,478
3375,367
3376,439
3377,470
3378,225
3379,392
3380,203
3381,91
3382,181
3383,292
3384,439
3385,366
3386,267
3387,462
3388,47
3389,232
3390,398
3391,175
3392,353
3393,349
3394,439
3395,351
3396,479
3397,146
3398,88
3399,406
3400,352
3401,449
3402,83
3403,161
3404,307
3405,268
3406,349
3407,158
3408,216
3409,398
3410,346
3411,92
3412,132
3413,86
3414,480
3415,361
3416,54
3417,362
3418,217
3419,354
3420,119
3421,173
3422,403
3423,358
3424,134
3425,228
3426,84
3427,89
3428,161
3429,180
3430,349
3431,240
3432,267
3433,472
3434,351
3435,481
3436,394
3437,361
3438,316
3439,235
3440,269
3441,358
3442,285
3443,108
3444,234
3445,321
3446,361
3447,482
3448,398
3449,232
3450,158
3451,317
3452,70
3453,348
3454,47
3455,403
3456,166
3457,35
3458,54
3459,350
3460,133
3461,12
3462,367
3463,40
3464,480
3465,13
3466,54
3467,487
3468,365
3469,126
3470,184
3471,58
3472,221
3473,312
3474,132
3475,133
3476,132
3477,355
3478,361
3479,363
3480,479
3481,238
3482,336
3483,288
3484,107
3485,307
3486,228
3487,175
3488,54
3489,56
3490,271
3491,414
3492,367
3493,463
3494,268
3495,349
3496,18
3497,358
3498,270
3499,133
3500,204
3501,25
3502,445
3503,190
3504,174
3505,264
3506,133
3507,132
3508,349
3509,463
3510,350
3511,379
3512,114
3513,232
3514,209
3515,43
3516,150
3517,298
3518,38
3519,147
3520,133
3521,246
3522,250
3523,328
3524,395
3525,230
3526,103
3527,249
3528,199
3529,20
3530,85
3531,394
3532,290
3533,270
3534,298
3535,59
3536,100
3537,161
3538,398
3539,487
3540,312
3541,80
3542,349
3543,134
3544,349
3545,351
3546,182
3547,166
3548,376
3549,362
3550,53
3551,498
3552,203
3553,262
3554,12
3555,288
3556,82
3557,366
3558,134
3559,361
3560,457
3561,358
3562,362
3563,58
3564,266
3565,132
3566,439
3567,285
3568,103
3569,267
3570,388
3571,13
3572,258
3573,296
3574,403
3575,409
3576,389
3577,120
3578,459
3579,342
3580,165
3581,298
3582,330
3583,352
3584,249
3585,348
3586,267
3587,285
3588,351
3589,395
3590,202
3591,498
3592,349
3593,81
3594,43
3595,446
3596,182
3597,390
3598,393
3599,384
3600,397
3601,133
3602,51
3603,176
3604,394
3605,487
3606,91
3607,91
3608,444
3609,351
3610,221
3611,83
3612,406
3613,216
3614,349
3615,1
3616,281
3617,358
3618,442
3619,20
3620,91
3621,305
3622,298
3623,349
3624,225
3625,6
3626,109
3627,372
3628,321
3629,256
3630,256
3631,349
3632,295
3633,265
3634,457
3635,462
3636,439
3637,265
3638,329
3639,351
3640,367
3641,349
3642,397
3643,134
3644,484
3645,306
3646,44
3647,184
3648,354
3649,91
3650,352
3651,497
3652,403
3653,279
3654,288
3655,417
3656,161
3657,279
3658,473
3659,298
3660,15
3661,400
3662,246
3663,351
3664,482
3665,477
3666,361
3667,76
3668,445
3669,91
3670,149
3671,267
3672,158
3673,460
3674,439
3675,173
3676,352
3677,349
3678,216
3679,72
3680,163
3681,349
3682,94
3683,78
3684,424
3685,480
3686,298
3687,134
3688,251
3689,134
3690,299
3691,254
3692,166
3693,349
3694,45
3695,167
3696,210
3697,439
3698,185
3699,480
3700,173
3701,78
3702,298
3703,134
3704,298
3705,184
3706,339
3707,161
3708,464
3709,298
3710,165
3711,50
3712,382
3713,380
3714,490
3715,59
3716,292
3717,497
3718,302
3719,134
3720,181
3721,82
3722,471
3723,415
3724,357
3725,58
3726,356
3727,172
3728,200
3729,81
3730,246
3731,312
3732,363
3733,369
3734,144
3735,95
3736,409
3737,58
3738,180
3739,345
3740,349
3741,98
3742,251
3743,255
3744,320
3745,383
3746,81
3747,352
3748,349
3749,113
3750,329
3751,23
3752,397
3753,180
3754,414
3755,110
3756,145
3757,318
3758,249
3759,363
3760,72
3761,97
3762,345
3763,138
3764,466
3765,132
3766,91
3767,340
3768,32
3769,453
3770,267
3771,152
3772,199
3773,101
3774,133
3775,394
3776,444
3777,397
3778,132
3779,71
3780,133
3781,323
3782,134
3783,171
3784,147
3785,326
3786,339
3787,348
3788,203
3789,265
3790,306
3791,91
3792,169
3793,270
3794,216
3795,340
3796,72
3797,290
3798,394
3799,397
3800,72
3801,41
3802,14
3803,361
3804,166
3805,366
3806,199
3807,280
3808,267
3809,481
3810,312
3811,401
3812,412
3813,18
3814,370
3815,89
3816,265
3817,212
3818,426
3819,134
3820,136
3821,301
3822,5
3823,238
3824,248
3825,490
3826,55
3827,358
3828,66
3829,349
3830,20
3831,7
3832,91
3833,312
3834,39
3835,51
3836,319
3837,476
3838,252
3839,349
3840,400
3841,353
3842,349
3843,176
3844,405
3845,147
3846,2
3847,440
3848,139
3849,35
3850,77
3851,329
3852,254
3853,407
3854,477
3855,226
3856,290
3857,188
3858,199
3859,351
3860,141
3861,351
3862,355
3863,140
3864,288
3865,300
3866,157
3867,487
3868,158
3869,157
3870,266
3871,330
3872,263
3873,130
3874,361
3875,155
3876,208
3877,72
3878,88
3879,433
3880,435
3881,487
3882,363
3883,132
3884,496
3885,134
3886,361
3887,228
3888,14
3889,468
3890,298
3891,352
3892,231
3893,247
3894,361
3895,361
3896,9
3897,228
3898,324
3899,366
3900,411
3901,439
3902,420
3903,453
3904,134
3905,397
3906,462
3907,484
3908,107
3909,403
3910,394
3911,244
3912,13
3913,362
3914,498
3915,439
3916,55
3917,275
3918,349
3919,266
3920,497
3921,285
3922,42
3923,403
3924,451
3925,18
3926,285
3927,1
3928,79
3929,203
3930,362
3931,91
3932,439
3933,305
3934,497
3935,348
3936,72
3937,349
3938,54
3939,299
3940,448
3941,48
3942,178
3943,91
3944,349
3945,85
3946,377
3947,426
3948,349
3949,198
3950,141
3951,466
3952,108
3953,118
3954,180
3955,153
3956,118
3957,311
3958,361
3959,368
3960,351
3961,203
3962,140
3963,203
3964,163
3965,210
3966,368
3967,409
3968,361
3969,43
3970,88
3971,482
3972,381
3973,318
3974,343
3975,349
3976,259
3977,134
3978,216
3979,431
3980,495
3981,405
3982,285
3983,141
3984,168
3985,72
3986,46
3987,133
3988,58
3989,351
3990,485
3991,83
3992,361
3993,95
3994,468
3995,108
3996,439
3997,54
3998,380
3999,488
4000,60
4001,346
4002,208
4003,361
4004,72
4005,471
4006,217
4007,267
4008,340
4009,244
4010,18
4011,354
4012,386
4013,58
4014,471
4015,439
4016,431
4017,397
4018,242
4019,488
4020,195
4021,163
4022,397
4023,132
4024,156
4025,132
4026,450
4027,169
4028,18
4029,263
4030,270
4031,194
4032,44
4033,88
4034,490
4035,101
4036,186
4037,425
4038,282
4039,312
4040,487
4041,410
4042,471
4043,167
4044,148
4045,109
4046,41
4047,306
4048,361
4049,1
4050,35
4051,139
4052,459
4053,237
4054,442
4055,492
4056,119
4057,58
4058,329
4059,275
4060,18
4061,325
4062,7
4063,354
4064,397
4065,263
4066,188
4067,298
4068,362
4069,270
4070,448
4071,330
4072,248
4073,327
4074,172
4075,269
4076,351
4077,60
4078,333
4079,439
4080,215
4081,309
4082,349
4083,237
4084,158
4085,394
4086,225
4087,222
4088,436
4089,307
4090,44
4091,134
4092,203
4093,357
4094,223
4095,59
4096,63
4097,236
4098,184
4099,439
4100,479
4101,91
4102,161
4103,299
4104,348
4105,397
4106,133
4107,336
4108,134
4109,374
4110,363
4111,220
4112,265
4113,125
4114,397
4115,397
4116,91
4117,458
4118,231
4119,337
4120,133
4121,361
4122,237
4123,472
4124,144
4125,402
4126,243
4127,57
4128,246
4129,358
4130,79
4131,58
4132,353
4133,178
4134,439
4135,82
4136,216
4137,0
4138,289
4139,281
4140,294
4141,91
4142,205
4143,203
4144,146
4145,343
4146,199
4147,58
4148,201
4149,351
4150,496
4151,353
4152,430
4153,383
4154,235
4155,211
4156,352
4157,69
4158,349
4159,344
4160,116
4161,60
4162,82
4163,95
4164,246
4165,91
4166,132
4167,349
4168,420
4169,329
4170,351
4171,339
4172,351
4173,444
4174,349
4175,492
4176,291
4177,329
4178,346
4179,62
4180,349
4181,144
4182,180
4183,345
4184,358
4185,300
4186,298
4187,132
4188,168
4189,46
4190,349
4191,270
4192,321
4193,199
4194,349
4195,288
4196,255
4197,461
4198,41
4199,435
4200,441
4201,164
4202,432
4203,8
4204,165
4205,351
4206,199
4207,477
4208,165
4209,469
4210,132
4211,60
4212,367
4213,351
4214,239
4215,43
4216,38
4217,403
4218,222
4219,487
4220,361
4221,246
4222,217
4223,91
4224,391
4225,362
4226,383
4227,201
4228,130
4229,336
4230,361
4231,480
4232,100
4233,15
4234,264
4235,351
4236,171
4237,4
4238,361
4239,22
4240,446
4241,105
4242,349
4243,265
4244,353
4245,414
4246,3
4247,436
4248,262
4249,69
4250,216
4251,166
4252,351
4253,91
4254,132
4255,310
4256,478
4257,117
4258,180
4259,236
4260,351
4261,264
4262,410
4263,410
4264,269
4265,285
4266,468
4267,373
4268,211
4269,17
4270,439
4271,70
4272,40
4273,169
4274,164
4275,351
4276,148
4277,216
4278,178
4279,132
4280,228
4281,485
4282,110
4283,372
4284,298
4285,249
4286,244
4287,349
4288,158
4289,20
4290,132
4291,349
4292,342
4293,254
4294,161
4295,348
4296,91
4297,199
4298,95
4299,172
4300,222
4301,120
4302,372
4303,95
4304,145
4305,480
4306,487
4307,137
4308,366
4309,447
4310,406
4311,17
4312,76
4313,158
4314,419
4315,329
4316,361
4317,351
4318,409
4319,425
4320,138
4321,349
4322,223
4323,497
4324,223
4325,406
4326,455
4327,473
4328,229
4329,216
4330,21
4331,95
4332,0
4333,439
4334,191
4335,452
4336,439
4337,349
4338,203
4339,349
4340,119
4341,354
4342,346
4343,146
4344,134
4345,54
4346,428
4347,385
4348,148
4349,88
4350,143
4351,349
4352,134
4353,72
4354,426
4355,366
4356,366
4357,243
4358,199
4359,431
4360,299
4361,127
4362,436
4363,400
4364,373
4365,361
4366,398
4367,349
4368,222
4369,231
4370,30
4371,487
4372,403
4373,258
4374,2
4375,329
4376,42
4377,298
4378,478
4379,68
4380,296
4381,58
4382,306
4383,383
4384,137
4385,264
4386,435
4387,76
4388,208
4389,294
4390,366
4391,250
4392,498
4393,56
4394,167
4395,135
4396,428
4397,150
4398,394
4399,39
4400,285
4401,176
4402,439
4403,154
4404,180
4405,88
4406,203
4407,171
4408,480
4409,72
4410,412
4411,225
4412,132
4413,264
4414,145
4415,51
4416,348
4417,349
4418,439
4419,415
4420,200
4421,175
4422,54
4423,73
4424,439
4425,116
4426,178
4427,134
4428,311
4429,171
4430,439
4431,166
4432,133
4433,44
4434,480
4435,290
4436,439
4437,397
4438,410
4439,307
4440,425
4441,439
4442,151
4443,222
4444,221
4445,367
4446,223
4447,216
4448,361
4449,450
4450,186
4451,305
4452,262
4453,407
4454,134
4455,58
4456,407
4457,392
4458,237
4459,251
4460,397
4461,217
4462,465
4463,332
4464,17
4465,348
4466,107
4467,122
4468,54
4469,431
4470,132
4471,177
4472,449
4473,21
4474,156
4475,183
4476,257
4477,351
4478,70
4479,232
4480,397
4481,216
4482,188
4483,70
4484,401
4485,349
4486,350
4487,101
4488,403
4489,366
4490,115
4491,110
4492,295
4493,1
4494,379
4495,145
4496,358
4497,499
4498,346
4499,301
4500,11
4501,266
4502,243
4503,492
4504,35
4505,420
4506,311
4507,135
4508,156
4509,349
4510,498
4511,398
4512,69
4513,269
4514,29
4515,134
4516,439
4517,446
4518,91
4519,180
4520,270
4521,5
4522,7
4523,439
4524,487
4525,180
4526,381
4527,351
4528,402
4529,320
4530,116
4531,51
4532,132
4533,298
4534,479
4535,487
4536,188
4537,312
4538,55
4539,494
4540,275
4541,327
4542,293
4543,410
4544,480
4545,475
4546,366
4547,285
4548,147
4549,40
4550,88
4551,166
4552,496
4553,174
4554,412
4555,161
4556,355
4557,349
4558,476
4559,84
4560,462
4561,7
4562,349
4563,109
4564,294
4565,49
4566,27
4567,497
4568,160
4569,487
4570,167
4571,338
4572,58
4573,327
4574,122
4575,492
4576,58
4577,323
4578,161
4579,403
4580,262
4581,310
4582,135
4583,402
4584,302
4585,290
4586,235
4587,331
4588,466
4589,392
4590,134
4591,18
4592,72
4593,398
4594,166
4595,433
4596,265
4597,255
4598,177
4599,82
4600,19
4601,366
4602,270
4603,419
4604,430
4605,397
4606,352
4607,365
4608,178
4609,249
4610,46
4611,388
4612,397
4613,184
4614,134
4615,403
4616,130
4617,171
4618,348
4619,352
4620,59
4621,394
4622,439
4623,68
4624,349
4625,86
4626,100
4627,447
4628,333
4629,361
4630,307
4631,91
4632,89
4633,172
4634,349
4635,59
4636,377
4637,54
4638,261
4639,397
4640,276
4641,376
4642,298
4643,367
4644,366
4645,174
4646,298
4647,452
4648,339
4649,166
4650,183
4651,376
4652,270
4653,113
4654,351
4655,68
4656,349
4657,209
4658,460
4659,353
4660,20
4661,265
4662,19
4663,417
4664,313
4665,388
4666,397
4667,1
4668,386
4669,478
4670,417
4671,135
4672,166
4673,458
4674,391
4675,315
4676,393
4677,58
4678,484
4679,354
4680,496
4681,104
4682,123
4683,58
4684,41
4685,257
4686,233
4687,287
4688,364
4689,5
4690,148
4691,351
4692,270
4693,74
4694,85
4695,351
4696,39
4697,363
4698,134
4699,349
4700,104
4701,235
4702,164
4703,344
4704,91
4705,479
4706,177
4707,487
4708,384
4709,267
4710,391
4711,121
4712,439
4713,104
4714,58
4715,198
4716,333
4717,361
4718,20
4719,496
4720,268
4721,132
4722,349
4723,349
4724,91
4725,95
4726,459
4727,312
4728,272
4729,77
4730,358
4731,439
4732,349
4733,362
4734,351
4735,481
4736,487
4737,183
4738,240
4739,350
4740,409
4741,397
4742,312
4743,383
4744,298
4745,321
4746,373
4747,344
4748,216
4749,70
4750,99
4751,471
4752,439
4753,172
4754,247
4755,358
4756,402
4757,206
4758,139
4759,89
4760,444
4761,48
4762,147
4763,342
4764,269
4765,358
4766,105
4767,440
4768,435
4769,417
4770,20
4771,133
4772,344
4773,147
4774,226
4775,91
4776,58
4777,146
4778,321
4779,166
4780,54
4781,1
4782,14
4783,403
4784,407
4785,183
4786,436
4787,91
4788,291
4789,118
4790,208
4791,324
4792,401
4793,439
4794,171
4795,471
4796,323
4797,349
4798,225
4799,398
4800,18
4801,357
4802,187
4803,223
4804,397
4805,39
4806,328
4807,171
4808,133
4809,90
4810,348
4811,7
4812,301
4813,38
4814,361
4815,470
4816,345
4817,95
4818,132
4819,351
4820,182
4821,328
4822,164
4823,352
4824,121
4825,444
4826,171
4827,435
4828,216
4829,58
4830,351
4831,184
4832,367
4833,148
4834,409
4835,128
4836,352
4837,37
4838,16
4839,133
4840,379
4841,434
4842,149
4843,476
4844,144
4845,132
4846,312
4847,397
4848,483
4849,487
4850,98
4851,10
4852,199
4853,106
4854,429
4855,450
4856,346
4857,492
4858,439
4859,439
4860,199
4861,348
4862,134
4863,46
4864,397
4865,132
4866,403
4867,482
4868,305
4869,133
4870,238
4871,59
4872,392
4873,298
4874,174
4875,316
4876,158
4877,361
4878,439
4879,95
4880,439
4881,462
4882,298
4883,497
4884,58
4885,363
4886,339
4887,18
4888,349
4889,439
4890,154
4891,394
4892,17
4893,349
4894,350
4895,29
4896,72
4897,307
4898,330
4899,185
4900,475
4901,367
4902,223
4903,95
4904,317
4905,104
4906,61
4907,362
4908,105
4909,285
4910,265
4911,53
4912,446
4913,239
4914,491
4915,91
4916,351
4917,123
4918,472
4919,132
4920,20
4921,39
4922,298
4923,1
4924,349
4925,1
4926,134
4927,471
4928,1
4929,434
4930,487
4931,350
4932,388
4933,316
4934,439
4935,492
4936,123
4937,376
4938,320
4939,72
4940,409
4941,267
4942,430
4943,36
4944,347
4945,346
4946,35
4947,247
4948,230
4949,134
4950,367
4951,216
4952,349
4953,439
4954,447
4955,409
4956,349
4957,381
4958,148
4959,23
4960,406
4961,95
4962,8
4963,352
4964,351
4965,126
4966,346
4967,220
4968,72
4969,397
4970,203
4971,450
4972,436
4973,466
4974,133
4975,354
4976,314
4977,477
4978,18
4979,10
4980,297
4981,284
4982,498
4983,420
4984,134
4985,264
4986,39
4987,278
4988,254
4989,361
4990,177
4991,49
4992,135
4993,361
4994,132
4995,498
4996,439
4997,18
4998,91
4999,90
5000,348
5001,439
5002,59
5003,342
5004,476
5005,349
5006,342
5007,349
5008,310
5009,106
5010,363
5011,435
5012,86
5013,477
5014,88
5015,331
5016,437
5017,305
5018,311
5019,344
5020,406
5021,184
5022,91
5023,247
5024,89
5025,470
5026,86
5027,366
5028,91
5029,123
5030,406
5031,107
5032,349
5033,298
5034,298
5035,358
5036,58
5037,354
5038,409
5039,133
5040,361
5041,132
5042,473
5043,327
5044,491
5045,316
5046,221
5047,397
5048,275
5049,195
5050,376
5051,349
5052,86
5053,349
5054,80
5055,95
5056,158
5057,361
5058,224
5059,139
5060,140
5061,204
5062,343
5063,361
5064,321
5065,156
5066,184
5067,349
5068,168
5069,31
5070,437
5071,147
5072,132
5073,349
5074,214
5075,133
5076,44
5077,76
5078,367
5079,488
5080,116
5081,330
5082,118
5083,167
5084,283
5085,33
5086,231
5087,291
5088,414
5089,324
5090,295
5091,111
5092,126
5093,175
5094,415
5095,98
5096,132
5097,346
5098,212
5099,476
5100,54
5101,329
5102,414
5103,183
5104,91
5105,400
5106,59
5107,439
5108,298
5109,117
5110,132
5111,91
5112,403
5113,463
5114,270
5115,284
5116,14
5117,140
5118,442
5119,56
5120,261
5121,270
5122,368
5123,284
5124,435
5125,391
5126,294
5127,446
5128,393
5129,397
5130,388
5131,351
5132,239
5133,447
5134,361
5135,294
5136,340
5137,349
5138,436
5139,382
5140,474
5141,278
5142,317
5143,487
5144,194
5145,349
5146,439
5147,132
5148,480
5149,214
5150,403
5151,361
5152,381
5153,345
5154,486
5155,119
5156,64
5157,246
5158,100
5159,134
5160,403
5161,428
5162,497
5163,279
5164,148
5165,123
5166,297
5167,6
5168,339
5169,68
5170,230
5171,168
5172,180
5173,199
5174,159
5175,450
5176,297
5177,361
5178,134
5179,351
5180,1
5181,395
5182,153
5183,349
5184,439
5185,496
5186,394
5187,298
5188,158
5189,355
5190,427
5191,397
5192,181
5193,282
5194,218
5195,386
5196,238
5197,106
5198,135
5199,439
5200,172
5201,25
5202,82
5203,128
5204,144
5205,98
5206,232
5207,120
5208,140
5209,60
5210,211
5211,269
5212,328
5213,270
5214,446
5215,193
5216,132
5217,163
5218,403
5219,345
5220,391
5221,79
5222,270
5223,431
5224,357
5225,83
5226,169
5227,267
5228,339
5229,306
5230,362
5231,197
5232,489
5233,223
5234,349
5235,316
5236,270
5237,382
5238,402
5239,403
5240,78
5241,284
5242,124
5243,239
5244,165
5245,244
5246,487
5247,121
5248,208
5249,79
5250,470
5251,497
5252,167
5253,220
5254,330
5255,331
5256,20
5257,294
5258,349
5259,298
5260,390
5261,397
5262,166
5263,341
5264,349
5265,464
5266,76
5267,14
5268,134
5269,18
5270,146
5271,405
5272,499
5273,397
5274,195
5275,336
5276,149
5277,475
5278,431
5279,463
5280,18
5281,428
5282,201
5283,357
5284,442
5285,288
5286,226
5287,421
5288,349
5289,351
5290,331
5291,173
5292,204
5293,394
5294,212
5295,419
5296,333
5297,71
5298,354
5299,192
5300,1
5301,349
5302,225
5303,188
5304,367
5305,376
5306,346
5307,83
5308,14
5309,10
5310,58
5311,181
5312,420
5313,446
5314,349
5315,248
5316,223
5317,270
5318,353
5319,454
5320,198
5321,361
5322,361
5323,290
5324,159
5325,158
5326,227
5327,458
5328,255
5329,484
5330,197
5331,361
5332,55
5333,1
5334,361
5335,86
5336,354
5337,8
5338,297
5339,491
5340,248
5341,452
5342,223
5343,139
5344,484
5345,298
5346,194
5347,487
5348,487
5349,123
5350,349
5351,414
5352,158
5353,147
5354,164
5355,429
5356,199
5357,43
5358,267
5359,51
5360,398
5361,441
5362,223
5363,297
5364,397
5365,487
5366,196
5367,44
5368,348
5369,436
5370,271
5371,349
5372,212
5373,214
5374,182
5375,132
5376,66
5377,349
5378,463
5379,488
5380,60
5381,12
5382,35
5383,58
5384,98
5385,207
5386,63
5387,202
5388,236
5389,396
5390,367
5391,118
5392,286
5393,349
5394,383
5395,363
5396,349
5397,209
5398,298
5399,453
5400,372
5401,352
5402,91
5403,375
5404,463
5405,245
5406,196
5407,394
5408,352
5409,487
5410,197
5411,285
5412,4
5413,8
5414,349
5415,18
5416,321
5417,357
5418,133
5419,98
5420,352
5421,402
5422,391
5423,361
5424,330
5425,132
5426,43
5427,361
5428,317
5429,177
5430,298
5431,357
5432,439
5433,348
5434,298
5435,130
5436,295
5437,348
5438,242
5439,135
5440,436
5441,183
5442,145
5443,487
5444,218
5445,54
5446,346
5447,278
5448,396
5449,492
5450,122
5451,72
5452,261
5453,349
5454,361
5455,17
5456,134
5457,294
5458,266
5459,372
5460,20
5461,351
5462,458
5463,98
5464,221
5465,138
5466,397
5467,311
5468,349
5469,496
5470,42
5471,189
5472,331
5473,456
5474,166
5475,463
5476,283
5477,366
5478,158
5479,349
5480,497
5481,270
5482,232
5483,104
5484,101
5485,220
5486,409
5487,439
5488,325
5489,439
5490,439
5491,148
5492,162
5493,204
5494,348
5495,255
5496,329
5497,391
5498,394
5499,76
5500,268
5501,132
5502,244
5503,134
5504,231
5505,0
5506,121
5507,410
5508,236
5509,245
5510,333
5511,329
5512,133
5513,469
5514,193
5515,216
5516,370
5517,487
5518,358
5519,357
5520,362
5521,492
5522,246
5523,361
5524,403
5525,230
5526,471
5527,458
5528,28
5529,143
5530,134
5531,148
5532,439
5533,397
5534,246
5535,380
5536,349
5537,140
5538,18
5539,352
5540,98
5541,355
5542,349
5543,354
5544,18
5545,203
5546,181
5547,252
5548,117
5549,43
5550,435
5551,167
5552,349
5553,191
5554,19
5555,445
5556,86
5557,341
5558,439
5559,59
5560,265
5561,346
5562,349
5563,331
5564,312
5565,358
5566,44
5567,58
5568,43
5569,91
5570,254
5571,83
5572,349
5573,270
5574,375
5575,75
5576,107
5577,198
5578,15
5579,115
5580,349
5581,354
5582,367
5583,222
5584,282
5585,156
5586,134
5587,92
5588,298
5589,476
5590,123
5591,439
5592,349
5593,56
5594,58
5595,66
5596,155
5597,130
5598,432
5599,348
5600,135
5601,372
5602,373
5603,54
5604,346
5605,242
5606,357
5607,489
5608,76
5609,123
5610,397
5611,82
5612,412
5613,349
5614,275
5615,465
5616,351
5617,329
5618,270
5619,361
5620,133
5621,494
5622,329
5623,306
5624,91
5625,91
5626,174
5627,398
5628,380
5629,74
5630,154
5631,88
5632,158
5633,73
5634,22
5635,398
5636,380
5637,339
5638,22
5639,210
5640,424
5641,5
5642,183
5643,498
5644,446
5645,339
5646,235
5647,439
5648,234
5649,13
5650,358
5651,376
5652,316
5653,467
5654,294
5655,9
5656,85
5657,446
5658,458
5659,67
5660,234
5661,462
5662,143
5663,352
5664,397
5665,26
5666,468
5667,45
5668,89
5669,60
5670,59
5671,286
5672,476
5673,150
5674,162
5675,389
5676,183
5677,354
5678,429
5679,240
5680,132
5681,351
5682,177
5683,74
5684,349
5685,420
5686,349
5687,393
5688,28
5689,497
5690,6
5691,46
5692,367
5693,203
5694,497
5695,138
5696,134
5697,366
5698,467
5699,219
5700,400
5701,439
5702,70
5703,361
5704,217
5705,289
5706,248
5707,285
5708,406
5709,362
5710,21
5711,32
5712,271
5713,383
5714,95
5715,139
5716,204
5717,40
5718,348
5719,362
5720,142
5721,365
5722,49
5723,199
5724,3
5725,246
5726,394
5727,422
5728,79
5729,403
5730,373
5731,351
5732,135
5733,195
5734,64
5735,41
5736,48
5737,331
5738,209
5739,148
5740,460
5741,171
5742,367
5743,484
5744,123
5745,83
5746,115
5747,161
5748,353
5749,480
5750,69
5751,351
5752,197
5753,353
5754,18
5755,486
5756,250
5757,453
5758,278
5759,352
5760,367
5761,249
5762,54
5763,134
5764,249
5765,337
5766,446
5767,237
5768,234
5769,391
5770,321
5771,207
5772,195
5773,490
5774,132
5775,492
5776,394
5777,350
5778,495
5779,204
5780,351
5781,446
5782,402
5783,329
5784,298
5785,327
5786,480
5787,276
5788,183
5789,411
5790,354
5791,203
5792,95
5793,310
5794,66
5795,424
5796,101
5797,403
5798,498
5799,196
5800,155
5801,285
5802,353
5803,86
5804,52
5805,104
5806,60
5807,365
5808,460
5809,255
5810,147
5811,169
5812,223
5813,24
5814,365
5815,329
5816,72
5817,349
5818,293
5819,117
5820,318
5821,391
5822,351
5823,249
5824,349
5825,349
5826,28
5827,304
5828,25
5829,468
5830,96
5831,66
5832,307
5833,469
5834,179
5835,397
5836,104
5837,394
5838,40
5839,188
5840,333
5841,474
5842,122
5843,351
5844,341
5845,172
5846,344
5847,35
5848,361
5849,461
5850,72
5851,348
5852,236
5853,440
5854,185
5855,333
5856,148
5857,171
5858,264
5859,102
5860,110
5861,255
5862,148
5863,397
5864,357
5865,321
5866,391
5867,93
5868,233
5869,450
5870,138
5871,349
5872,394
5873,171
5874,72
5875,435
5876,84
5877,237
5878,211
5879,385
5880,362
5881,298
5882,13
5883,391
5884,301
5885,196
5886,492
5887,388
5888,311
5889,57
5890,231
5891,77
5892,453
5893,59
5894,8
5895,184
5896,143
5897,270
5898,91
5899,311
5900,410
5901,349
5902,171
5903,321
5904,248
5905,386
5906,161
5907,99
5908,458
5909,81
5910,349
5911,475
5912,171
5913,210
5914,361
5915,212
5916,81
5917,367
5918,101
5919,448
5920,135
5921,361
5922,95
5923,91
5924,476
5925,397
5926,306
5927,200
5928,356
5929,342
5930,196
5931,425
5932,265
5933,132
5934,288
5935,305
5936,363
5937,20
5938,366
5939,400
5940,58
5941,346
5942,439
5943,123
5944,102
5945,225
5946,16
5947,248
5948,307
5949,270
5950,60
5951,321
5952,467
5953,40
5954,454
5955,134
5956,349
5957,205
5958,349
5959,231
5960,400
5961,349
5962,58
5963,205
5964,351
5965,244
5966,334
5967,306
5968,351
5969,373
5970,158
5971,166
5972,132
5973,398
5974,346
5975,349
5976,223
5977,250
5978,473
5979,354
5980,353
5981,469
5982,245
5983,348
5984,349
5985,133
5986,439
5987,476
5988,79
5989,233
5990,49
5991,25
5992,226
5993,437
5994,91
5995,361
5996,114
5997,58
5998,58
5999,262
6000,83
6001,91
6002,439
6003,487
6004,184
6005,62
6006,28
6007,16
6008,250
6009,147
6010,72
6011,72
6012,211
6013,421
6014,386
6015,349
6016,44
6017,349
6018,331
6019,169
6020,60
6021,95
6022,216
6023,406
6024,134
6025,247
6026,59
6027,104
6028,282
6029,216
6030,348
6031,415
6032,265
6033,148
6034,223
6035,185
6036,29
6037,245
6038,298
6039,446
6040,267
6041,91
6042,146
6043,349
6044,30
6045,487
6046,91
6047,210
6048,240
6049,91
6050,1
6051,367
6052,366
6053,178
6054,346
6055,164
6056,83
6057,394
6058,145
6059,431
6060,468
6061,134
6062,171
6063,352
6064,365
6065,365
6066,346
6067,366
6068,43
6069,401
6070,403
6071,396
6072,439
6073,429
6074,351
6075,160
6076,288
6077,444
6078,134
6079,419
6080,455
6081,166
6082,349
6083,174
6084,270
6085,176
6086,422
6087,17
6088,439
6089,312
6090,79
6091,262
6092,393
6093,202
6094,196
6095,348
6096,88
6097,483
6098,321
6099,18
6100,351
6101,219
6102,150
6103,163
6104,61
6105,35
6106,349
6107,397
6108,106
6109,471
6110,160
6111,439
6112,499
6113,80
6114,298
6115,134
6116,392
6117,349
6118,406
6119,432
6120,383
6121,248
6122,171
6123,263
6124,58
6125,236
6126,446
6127,356
6128,58
6129,134
6130,165
6131,214
6132,328
6133,175
6134,95
6135,385
6136,269
6137,294
6138,361
6139,344
6140,265
6141,216
6142,97
6143,351
6144,349
6145,85
6146,446
6147,456
6148,331
6149,1
6150,250
6151,164
6152,330
6153,7
6154,199
6155,252
6156,361
6157,277
6158,351
6159,197
6160,492
6161,400
6162,419
6163,366
6164,446
6165,354
6166,91
6167,349
6168,122
6169,40
6170,391
6171,74
6172,139
6173,345
6174,91
6175,12
6176,49
6177,134
6178,453
6179,150
6180,363
6181,39
6182,206
6183,179
6184,244
6185,1
6186,47
6187,349
6188,351
6189,334
6190,246
6191,85
6192,361
6193,58
6194,290
6195,339
6196,349
6197,283
6198,439
6199,378
6200,349
6201,250
6202,158
6203,180
6204,339
6205,91
6206,394
6207,361
6208,321
6209,349
6210,361
6211,288
6212,496
6213,472
6214,314
6215,348
6216,180
6217,406
6218,133
6219,72
6220,1
6221,397
6222,134
6223,427
6224,255
6225,3
6226,244
6227,344
6228,55
6229,361
6230,463
6231,134
6232,487
6233,178
6234,89
6235,439
6236,123
6237,133
6238,302
6239,189
6240,91
6241,120
6242,366
6243,78
6244,91
6245,403
6246,202
6247,349
6248,133
6249,54
6250,397
6251,374
6252,108
6253,361
6254,430
6255,396
6256,272
6257,439
6258,158
6259,40
6260,367
6261,349
6262,95
6263,133
6264,298
6265,397
6266,460
6267,266
6268,348
6269,276
6270,138
6271,163
6272,135
6273,67
6274,72
6275,349
6276,291
6277,361
6278,83
6279,293
6280,315
6281,337
6282,435
6283,252
6284,349
6285,283
6286,130
6287,268
6288,439
6289,2
6290,312
6291,382
6292,239
6293,379
6294,302
6295,79
6296,236
6297,313
6298,455
6299,349
6300,297
6301,456
6302,349
6303,477
6304,299
6305,311
6306,134
6307,343
6308,182
6309,41
6310,114
6311,123
6312,70
6313,351
6314,72
6315,194
6316,346
6317,354
6318,83
6319,146
6320,86
6321,351
6322,34
6323,72
6324,298
6325,355
6326,107
6327,351
6328,222
6329,351
6330,466
6331,349
6332,332
6333,309
6334,349
6335,299
6336,403
6337,487
6338,216
6339,58
6340,346
6341,235
6342,397
6343,349
6344,75
6345,211
6346,33
6347,419
6348,397
6349,135
6350,135
6351,162
6352,481
6353,318
6354,361
6355,58
6356,310
6357,132
6358,419
6359,133
6360,101
6361,397
6362,397
6363,235
6364,464
6365,312
6366,86
6367,47
6368,261
6369,91
6370,458
6371,267
6372,186
6373,352
6374,348
6375,89
6376,325
6377,439
6378,3
6379,353
6380,397
6381,169
6382,379
6383,361
6384,349
6385,91
6386,361
6387,400
6388,172
6389,206
6390,402
6391,246
6392,319
6393,451
6394,357
6395,353
6396,397
6397,282
6398,12
6399,439
6400,339
6401,178
6402,355
6403,383
6404,287
6405,362
6406,134
6407,162
6408,365
6409,480
6410,478
6411,391
6412,133
6413,329
6414,397
6415,367
6416,2
6417,158
6418,427
6419,203
6420,409
6421,453
6422,326
6423,24
6424,157
6425,62
6426,290
6427,265
6428,108
6429,395
6430,403
6431,420
6432,468
6433,374
6434,89
6435,187
6436,22
6437,182
6438,69
6439,349
6440,183
6441,463
6442,262
6443,437
6444,365
6445,15
6446,134
6447,187
6448,133
6449,366
6450,258
6451,126
6452,247
6453,14
6454,44
6455,3
6456,135
6457,216
6458,47
6459,349
6460,24
6461,419
6462,91
6463,351
6464,32
6465,483
6466,298
6467,233
6468,333
6469,298
6470,171
6471,191
6472,78
6473,222
6474,458
6475,178
6476,269
6477,473
6478,433
6479,349
6480,149
6481,487
6482,229
6483,392
6484,149
6485,349
6486,41
6487,349
6488,170
6489,22
6490,329
6491,348
6492,287
6493,419
6494,362
6495,133
6496,83
6497,348
6498,298
6499,321
6500,91
6501,286
6502,434
6503,340
6504,349
6505,487
6506,250
6507,58
6508,353
6509,495
6510,270
6511,409
6512,349
6513,143
6514,306
6515,306
6516,91
6517,166
6518,298
6519,72
6520,196
6521,1
6522,349
6523,220
6524,437
6525,135
6526,279
6527,146
6528,133
6529,157
6530,199
6531,237
6532,91
6533,112
6534,464
6535,43
6536,358
6537,328
6538,497
6539,133
6540,163
6541,439
6542,118
6543,140
6544,411
6545,349
6546,361
6547,349
6548,246
6549,167
6550,268
6551,267
6552,169
6553,46
6554,250
6555,394
6556,167
6557,382
6558,275
6559,6
6560,349
6561,396
6562,263
6563,166
6564,361
6565,336
6566,46
6567,397
6568,244
6569,91
6570,367
6571,183
6572,330
6573,397
6574,78
6575,397
6576,331
6577,361
6578,349
6579,132
6580,274
6581,420
6582,132
6583,439
6584,218
6585,91
6586,89
6587,265
6588,439
6589,370
6590,351
6591,209
6592,35
6593,351
6594,349
6595,348
6596,285
6597,341
6598,425
6599,222
6600,285
6601,425
6602,257
6603,91
6604,464
6605,361
6606,339
6607,173
6608,324
6609,374
6610,337
6611,95
6612,339
6613,460
6614,353
6615,223
6616,480
6617,123
6618,269
6619,220
6620,277
6621,298
6622,210
6623,299
6624,353
6625,41
6626,185
6627,55
6628,403
6629,374
6630,265
6631,388
6632,58
6633,471
6634,203
6635,41
6636,61
6637,104
6638,492
6639,151
6640,209
6641,361
6642,397
6643,463
6644,130
6645,349
6646,411
6647,361
6648,91
6649,350
6650,47
6651,358
6652,207
6653,298
6654,133
6655,91
6656,190
6657,366
6658,108
6659,88
6660,142
6661,85
6662,223
6663,222
6664,311
6665,346
6666,250
6667,367
6668,153
6669,298
6670,358
6671,186
6672,135
6673,422
6674,79
6675,73
6676,319
6677,264
6678,357
6679,116
6680,348
6681,349
6682,439
6683,452
6684,406
6685,412
6686,310
6687,162
6688,280
6689,216
6690,315
6691,355
6692,37
6693,267
6694,437
6695,301
6696,437
6697,226
6698,392
6699,353
6700,58
6701,439
6702,329
6703,373
6704,403
6705,133
6706,487
6707,51
6708,312
6709,193
6710,261
6711,18
6712,134
6713,302
6714,349
6715,199
6716,397
6717,217
6718,453
6719,357
6720,350
6721,349
6722,351
6723,362
6724,409
6725,358
6726,351
6727,339
6728,382
6729,63
6730,277
6731,116
6732,153
6733,332
6734,0
6735,267
6736,397
6737,196
6738,464
6739,133
6740,358
6741,9
6742,54
6743,41
6744,349
6745,439
6746,36
6747,115
6748,352
6749,349
6750,439
6751,121
6752,138
6753,446
6754,368
6755,429
6756,142
6757,27
6758,298
6759,318
6760,143
6761,222
6762,366
6763,323
6764,133
6765,60
6766,83
6767,446
6768,361
6769,66
6770,230
6771,446
6772,91
6773,351
6774,403
6775,397
6776,216
6777,26
6778,332
6779,54
6780,361
6781,270
6782,302
6783,7
6784,215
6785,62
6786,259
6787,363
6788,172
6789,161
6790,316
6791,268
6792,148
6793,166
6794,88
6795,67
6796,367
6797,470
6798,145
6799,216
6800,345
6801,72
6802,321
6803,439
6804,158
6805,58
6806,283
6807,368
6808,449
6809,282
6810,31
6811,439
6812,361
6813,441
6814,18
6815,361
6816,146
6817,314
6818,384
6819,361
6820,101
6821,134
6822,72
6823,311
6824,300
6825,152
6826,446
6827,365
6828,307
6829,262
6830,439
6831,41
6832,209
6833,305
6834,463
6835,441
6836,262
6837,489
6838,95
6839,177
6840,152
6841,351
6842,398
6843,361
6844,351
6845,352
6846,439
6847,361
6848,280
6849,351
6850,492
6851,86
6852,351
6853,280
6854,163
6855,218
6856,329
6857,83
6858,425
6859,154
6860,327
6861,226
6862,258
6863,458
6864,37
6865,439
6866,63
6867,460
6868,287
6869,439
6870,290
6871,349
6872,264
6873,397
6874,358
6875,44
6876,314
6877,89
6878,234
6879,311
6880,439
6881,334
6882,111
6883,349
6884,101
6885,244
6886,297
6887,238
6888,419
6889,160
6890,487
6891,299
6892,88
6893,204
6894,197
6895,444
6896,365
6897,340
6898,495
6899,230
6900,132
6901,119
6902,349
6903,358
6904,230
6905,397
6906,432
6907,91
6908,439
6909,312
6910,368
6911,135
6912,150
6913,397
6914,498
6915,344
6916,412
6917,263
6918,18
6919,412
6920,439
6921,172
6922,95
6923,42
6924,134
6925,91
6926,91
6927,387
6928,62
6929,58
6930,351
6931,60
6932,199
6933,361
6934,7
6935,222
6936,351
6937,189
6938,60
6939,425
6940,123
6941,431
6942,351
6943,132
6944,474
6945,91
6946,9
6947,310
6948,439
6949,414
6950,258
6951,342
6952,59
6953,330
6954,133
6955,361
6956,18
6957,354
6958,241
6959,433
6960,126
6961,305
6962,393
6963,87
6964,224
6965,339
6966,338
6967,188
6968,349
6969,270
6970,106
6971,289
6972,266
6973,349
6974,366
6975,414
6976,14
6977,321
6978,82
6979,357
6980,168
6981,446
6982,304
6983,222
6984,91
6985,249
6986,367
6987,459
6988,351
6989,358
6990,279
6991,88
6992,90
6993,88
6994,15
6995,352
6996,439
6997,172
6998,18
6999,288
7000,402
7001,245
7002,95
7003,18
7004,93
7005,39
7006,166
7007,166
7008,226
7009,38
7010,439
7011,397
7012,353
7013,115
7014,257
7015,349
7016,135
7017,142
7018,475
7019,383
7020,346
7021,172
7022,72
7023,291
7024,314
7025,398
7026,414
7027,233
7028,157
7029,424
7030,223
7031,220
7032,349
7033,496
7034,281
7035,34
7036,220
7037,288
7038,439
7039,269
7040,257
7041,275
7042,286
7043,333
7044,397
7045,298
7046,349
7047,487
7048,361
7049,56
7050,41
7051,69
7052,361
7053,323
7054,300
7055,407
7056,139
7057,397
7058,363
7059,87
7060,353
7061,349
7062,353
7063,262
7064,281
7065,66
7066,54
7067,222
7068,493
7069,91
7070,473
7071,18
7072,363
7073,56
7074,379
7075,484
7076,349
7077,196
7078,378
7079,216
7080,170
7081,424
7082,72
7083,245
7084,271
7085,256
7086,103
7087,346
7088,165
7089,104
7090,394
7091,58
7092,298
7093,476
7094,95
7095,11
7096,95
7097,214
7098,427
7099,400
7100,397
7101,7
7102,492
7103,145
7104,331
7105,266
7106,199
7107,351
7108,17
7109,120
7110,368
7111,242
7112,95
7113,343
7114,132
7115,384
7116,82
7117,58
7118,217
7119,135
7120,145
7121,475
7122,61
7123,348
7124,114
7125,281
7126,111
7127,435
7128,201
7129,145
7130,34
7131,194
7132,251
7133,471
7134,201
7135,87
7136,91
7137,495
7138,166
7139,6
7140,397
7141,182
7142,78
7143,172
7144,350
7145,159
7146,497
7147,346
7148,217
7149,199
7150,134
7151,272
7152,18
7153,123
7154,132
7155,104
7156,199
7157,163
7158,212
7159,283
7160,480
7161,105
7162,3
7163,366
7164,240
7165,450
7166,263
7167,350
7168,397
7169,465
7170,306
7171,366
7172,69
7173,133
7174,81
7175,467
7176,37
7177,349
7178,161
7179,353
7180,362
7181,351
7182,389
7183,497
7184,143
7185,334
7186,457
7187,436
7188,79
7189,329
7190,403
7191,165
7192,41
7193,72
7194,9
7195,391
7196,361
7197,244
7198,361
7199,496
7200,55
7201,349
7202,266
7203,349
7204,484
7205,440
7206,270
7207,209
7208,249
7209,431
7210,403
7211,98
7212,57
7213,349
7214,341
7215,351
7216,282
7217,339
7218,199
7219,10
7220,270
7221,369
7222,134
7223,443
7224,329
7225,332
7226,450
7227,191
7228,106
7229,95
7230,376
7231,88
7232,161
7233,217
7234,141
7235,402
7236,91
7237,240
7238,400
7239,383
7240,168
7241,348
7242,66
7243,475
7244,492
7245,265
7246,236
7247,265
7248,249
7249,257
7250,87
7251,362
7252,316
7253,219
7254,161
7255,361
7256,392
7257,82
7258,403
7259,491
7260,386
7261,235
7262,351
7263,479
7264,180
7265,236
7266,216
7267,8
7268,402
7269,403
7270,307
7271,392
7272,320
7273,135
7274,396
7275,95
7276,358
7277,276
7278,298
7279,349
7280,459
7281,91
7282,349
7283,1
7284,480
7285,288
7286,458
7287,226
7288,277
7289,132
7290,18
7291,345
7292,485
7293,132
7294,397
7295,436
7296,398
7297,142
7298,241
7299,366
7300,256
7301,461
7302,57
7303,77
7304,460
7305,361
7306,346
7307,351
7308,389
7309,205
7310,389
7311,349
7312,157
7313,403
7314,32
7315,108
7316,91
7317,397
7318,349
7319,226
7320,351
7321,252
7322,182
7323,251
7324,120
7325,465
7326,393
7327,89
7328,161
7329,320
7330,363
7331,298
7332,200
7333,45
7334,487
7335,23
7336,450
7337,98
7338,400
7339,358
7340,361
7341,439
7342,134
7343,123
7344,146
7345,361
7346,64
7347,439
7348,58
7349,187
7350,480
7351,349
7352,91
7353,439
7354,125
7355,184
7356,278
7357,450
7358,351
7359,464
7360,287
7361,375
7362,498
7363,320
7364,1
7365,341
7366,397
7367,333
7368,80
7369,146
7370,161
7371,349
7372,329
7373,348
7374,368
7375,42
7376,298
7377,199
7378,332
7379,298
7380,184
7381,361
7382,100
7383,242
7384,397
7385,141
7386,349
7387,365
7388,165
7389,496
7390,72
7391,132
7392,207
7393,464
7394,361
7395,0
7396,496
7397,148
7398,120
7399,245
7400,301
7401,142
7402,366
7403,302
7404,294
7405,182
7406,318
7407,434
7408,480
7409,14
7410,362
7411,306
7412,209
7413,349
7414,138
7415,226
7416,49
7417,52
7418,326
7419,268
7420,182
7421,88
7422,43
7423,406
7424,348
7425,361
7426,107
7427,352
7428,222
7429,258
7430,222
7431,439
7432,351
7433,450
7434,189
7435,492
7436,397
7437,348
7438,463
7439,485
7440,135
7441,296
7442,55
7443,216
7444,220
7445,250
7446,349
7447,91
7448,433
7449,498
7450,195
7451,1
7452,154
7453,473
7454,247
7455,95
7456,439
7457,426
7458,496
7459,156
7460,339
7461,91
7462,198
7463,134
7464,234
7465,391
7466,349
7467,133
7468,191
7469,498
7470,361
7471,235
7472,104
7473,365
7474,95
7475,435
7476,368
7477,353
7478,349
7479,285
7480,331
7481,337
7482,180
7483,26
7484,492
7485,412
7486,489
7487,279
7488,11
7489,379
7490,302
7491,203
7492,361
7493,349
7494,467
7495,403
7496,439
7497,113
7498,453
7499,498
7500,385
7501,402
7502,431
7503,56
7504,397
7505,54
7506,246
7507,165
7508,91
7509,439
7510,443
7511,350
7512,242
7513,388
7514,18
7515,406
7516,91
7517,133
7518,43
7519,496
7520,204
7521,397
7522,63
7523,358
7524,246
7525,143
7526,72
7527,447
7528,365
7529,151
7530,339
7531,406
7532,199
7533,485
7534,55
7535,236
7536,166
7537,450
7538,247
7539,349
7540,134
7541,265
7542,132
7543,284
7544,374
7545,367
7546,349
7547,397
7548,287
7549,247
7550,307
7551,414
7552,32
7553,61
7554,256
7555,72
7556,354
7557,401
7558,356
7559,58
7560,487
7561,8
7562,467
7563,345
7564,221
7565,19
7566,157
7567,269
7568,62
7569,122
7570,412
7571,144
7572,338
7573,354
7574,409
7575,460
7576,467
7577,361
7578,397
7579,306
7580,185
7581,340
7582,439
7583,270
7584,18
7585,22
7586,96
7587,201
7588,351
7589,87
7590,171
7591,133
7592,102
7593,89
7594,144
7595,349
7596,367
7597,188
7598,482
7599,166
7600,107
7601,211
7602,111
7603,323
7604,270
7605,171
7606,236
7607,134
7608,497
7609,208
7610,422
7611,396
7612,398
7613,349
7614,201
7615,354
7616,222
7617,437
7618,182
7619,93
7620,444
7621,29
7622,174
7623,91
7624,287
7625,114
7626,132
7627,95
7628,340
7629,117
7630,487
7631,357
7632,391
7633,353
7634,230
7635,141
7636,476
7637,287
7638,355
7639,23
7640,356
7641,349
7642,487
7643,126
7644,223
7645,368
7646,463
7647,1
7648,195
7649,148
7650,133
7651,85
7652,349
7653,226
7654,351
7655,419
7656,63
7657,208
7658,300
7659,371
7660,243
7661,133
7662,93
7663,269
7664,252
7665,78
7666,269
7667,361
7668,361
7669,452
7670,296
7671,358
7672,287
7673,134
7674,267
7675,352
7676,433
7677,397
7678,236
7679,261
7680,496
7681,86
7682,401
7683,132
7684,476
7685,165
7686,373
7687,278
7688,166
7689,312
7690,223
7691,203
7692,299
7693,42
7694,377
7695,365
7696,398
7697,303
7698,196
7699,361
7700,136
7701,283
7702,397
7703,349
7704,132
7705,266
7706,458
7707,159
7708,51
7709,446
7710,94
7711,312
7712,219
7713,250
7714,132
7715,222
7716,182
7717,363
7718,130
7719,74
7720,206
7721,347
7722,464
7723,337
7724,18
7725,133
7726,72
7727,32
7728,264
7729,182
7730,349
7731,358
7732,169
7733,47
7734,134
7735,350
7736,91
7737,91
7738,351
7739,91
7740,46
7741,293
7742,54
7743,386
7744,128
7745,269
7746,425
7747,281
7748,433
7749,142
7750,52
7751,427
7752,159
7753,199
7754,420
7755,453
7756,445
7757,132
7758,346
7759,304
7760,403
7761,147
7762,282
7763,143
7764,198
7765,289
7766,285
7767,167
7768,91
7769,361
7770,349
7771,409
7772,339
7773,91
7774,51
7775,361
7776,16
7777,133
7778,232
7779,220
7780,262
7781,397
7782,91
7783,244
7784,172
7785,91
7786,306
7787,58
7788,216
7789,366
7790,140
7791,439
7792,154
7793,349
7794,220
7795,89
7796,453
7797,439
7798,95
7799,203
7800,439
7801,422
7802,476
7803,358
7804,248
7805,32
7806,125
7807,63
7808,446
7809,352
7810,361
7811,71
7812,302
7813,361
7814,349
7815,397
7816,32
7817,88
7818,492
7819,445
7820,39
7821,145
7822,132
7823,72
7824,367
7825,414
7826,349
7827,349
7828,262
7829,88
7830,203
7831,27
7832,256
7833,354
7834,448
7835,448
7836,463
7837,299
7838,473
7839,86
7840,397
7841,29
7842,95
7843,395
7844,116
7845,366
7846,288
7847,361
7848,361
7849,91
7850,145
7851,444
7852,134
7853,13
7854,349
7855,265
7856,176
7857,362
7858,62
7859,349
7860,326
7861,128
7862,291
7863,446
7864,363
7865,133
7866,474
7867,351
7868,375
7869,432
7870,361
7871,402
7872,433
7873,171
7874,110
7875,356
7876,61
7877,480
7878,271
7879,346
7880,15
7881,134
7882,184
7883,132
7884,58
7885,397
7886,188
7887,6
7888,348
7889,68
7890,428
7891,349
7892,11
7893,325
7894,437
7895,262
7896,342
7897,158
7898,269
7899,122
7900,448
7901,332
7902,361
7903,289
7904,349
7905,119
7906,157
7907,64
7908,315
7909,437
7910,204
7911,302
7912,366
7913,397
7914,480
7915,403
7916,406
7917,187
7918,250
7919,120
7920,460
7921,434
7922,290
7923,51
7924,10
7925,34
7926,278
7927,133
7928,88
7929,382
7930,349
7931,472
7932,487
7933,439
7934,245
7935,88
7936,352
7937,268
7938,91
7939,74
7940,244
7941,104
7942,446
7943,365
7944,298
7945,446
7946,19
7947,114
7948,232
7949,28
7950,2
7951,351
7952,497
7953,449
7954,158
7955,439
7956,261
7957,338
7958,351
7959,330
7960,415
7961,428
7962,487
7963,240
7964,203
7965,43
7966,25
7967,198
7968,361
7969,436
7970,260
7971,265
7972,353
7973,31
7974,293
7975,91
7976,373
7977,349
7978,463
7979,389
7980,91
7981,481
7982,435
7983,411
7984,397
7985,190
7986,172
7987,63
7988,351
7989,459
7990,439
7991,349
7992,132
7993,52
7994,19
7995,314
7996,421
7997,351
7998,277
7999,328
8000,147
8001,203
8002,7
8003,190
8004,287
8005,487
8006,134
8007,492
8008,52
8009,264
8010,236
8011,390
8012,470
8013,471
8014,189
8015,39
8016,152
8017,7
8018,354
8019,361
8020,363
8021,181
8022,9
8023,145
8024,468
8025,353
8026,306
8027,349
8028,476
8029,47
8030,254
8031,298
8032,351
8033,95
8034,271
8035,166
8036,259
8037,290
8038,133
8039,397
8040,56
8041,91
8042,293
8043,4
8044,132
8045,133
8046,111
8047,61
8048,313
8049,361
8050,362
8051,366
8052,348
8053,211
8054,498
8055,166
8056,18
8057,366
8058,348
8059,230
8060,133
8061,316
8062,146
8063,59
8064,104
8065,367
8066,498
8067,376
8068,86
8069,58
8070,472
8071,123
8072,440
8073,449
8074,175
8075,188
8076,414
8077,83
8078,389
8079,21
8080,7
8081,477
8082,439
8083,419
8084,188
8085,348
8086,425
8087,349
8088,398
8089,338
8090,442
8091,363
8092,0
8093,36
8094,495
8095,157
8096,298
8097,338
8098,496
8099,403
8100,287
8101,478
8102,74
8103,492
8104,1
8105,453
